population,statistic,p_value,n_resp,n_nonresp,p_corrected,significant
b_cell,459971.0,0.055702309738266224,993,975,0.2785115486913311,False
cd8_t_cell,478176.0,0.6390858847346418,993,975,1.0,False
cd4_t_cell,515276.0,0.013344218813937617,993,975,0.06672109406968808,False
nk_cell,464546.0,0.12105079820428571,993,975,0.6052539910214285,False
monocyte,466510.0,0.16315013268752876,993,975,0.8157506634376438,False
